description,price
5-HTP,$0.1743
Acai Fruit Ext 4:1,$0.0153
Acai Juice Powder,$0.0674
Acerola Cherry powder,$0.0123
Adrenal cortex bovine,$0.1700
Advantra Z 30%,$0.1800
Advantra Z 50% WSP,$0.3300
African Mango Powder (irvinga powder),$0.0124
Agmatine Sulfate,$0.0130
Aji Amarillo Powder,$0.0861
Ajuga Turkestanica Ext 10:1,$0.0166
Akarkara P.E. 10:1 (Anacyclus Pyrethrum),$0.0792
Albion Dimagnesium Malate 20%,$0.0149
Aloe Vera Powder,$0.0160
Alpha GPC 50%,$0.0550
Alpha Lipoic Acid,$0.1142
Angelica Sinensis Angelica (Dong Quai) Root Powder,$0.0150
APPLE CIDER VINEGAR PWDR,$0.0088
Apple Fiber Powder,$0.0136
Aquamin soluble,$0.0160
Aquamin TM,$0.0160
Arachidonic Acid,$0.0600
Aronia Berry (Chokeberry) 10:1,$0.0270
Artichoke Leaf Powder,$0.0060
Ascorbic acid,$0.0050
Ashwagandha Root P.E. 2.5%,$0.0135
Astragalus Ext,$0.0810
Astragalus Root Ext 4:1,$0.0150
Astragalus Root Powder,$0.0090
AstraGin,$0.3351
Ausvita collagen,$0.0100
Avain eggshell collagen kollaGenI.V.X.™ U.S.Patent #8344106B1,$0.1200
AVOCADO OIL POWDER 50% ON SOLUBLE TAPIOCA FIBER,$0.0282
Avocado Oil Powder 70%,$0.0458
Avocado oil powder CS,$0.0210
Avocado Vital Blend IP II 50%,$0.0115
Avocado Vital Blend IP III 70%,$0.0117
B1 (Thiamine Mononitrate),$0.1496
B12 Methylcobalamin 1%,$0.0514
B5 (as D-Calcium Pantothenate),$0.0296
B6 (as P5P),$0.1957
B9 (as Folic acid),$0.1295
Bacognize,$0.1045
Bacopa Monnieri 20%,$0.0254
Bacopa Monnieri Powder,$0.0355
Baical Skullcap Root Powder,$0.0125
Baking Powder,$0.0026
Barberry PE 4 to 1,$0.0190
Bayberry Bark,$0.0140
Bayberry powder,$0.0140
BCAA 2.1.1 Fermented,$0.0089
BCAA Instant 211 non Vegan,$0.0110
Beef Spleen Powder,$0.1500
Beet Powder,$0.0073
Beetroot Juice Powder,$0.0110
Berberine HCL 97%,$0.0371
Berberine HCL 5%,$0.0160
Berberine HCL 8%,$0.0249
Beta Alanine,$0.0070
Beta Carotene 10% (Provitamin A),$0.2920
Beta Carotene Powder 1% (Provitamin A),$0.0261
Betaine Anhydrous (TMG),$0.0063
Betaine Nitrate,$0.0720
Betta Berries Antioxidant blend,$0.0348
BevChia Milled Chia seed + Protein,$0.0108
Bilberry Fruit Powder,$0.0252
Bioperine,$0.6000
Biotin (Vitamin H) 1%,$0.0419
Biotin 99%,$0.3997
BiovaFlex RC,$0.2950
Biovaplex Membrane Mobility powder,$0.5156
Black Carrot Powder,$0.0193
Black Cumin Seed Powder,$0.0157
Black Currant Fruit Powder,$0.0545
Black Tea (20% Theaflavins),$0.0938
Blue Majik,$0.5159
Blueberry Fruit Ext 4:1,$0.0240
Blueberry Fruit Powder,$0.0210
Boron citrate 5%,$0.0183
Bororganic Glycine 10% (Boron Glycinate),$0.0725
Boswellia P.E. 65% Boswellic Acid,$0.0130
Bovine Adrenal Powder,$0.1500
Bovine bone broth hydrolyzed protein,$0.0083
Bovine Lung Powder,$0.0473
Bovine Pituitary Powder,$0.1608
Bovine Prostate Powder,$0.0599
Bovine Thyroid Concentrate (Thyroxin Free),$0.1887
Brain calf,$0.0650
Brown Sugar - light,$0.0029
Butterfly Pea Powder,$0.0958
Buttermilk powder,$0.0049
Cabbage powder,$0.0304
Caffeine Anhydrous,$0.0150
Caffeine Citrate (as Kaff Citrate),$0.0210
Calci-K,$0.0124
Calcium Ascorbate,$0.0276
Calcium BHB,$0.0168
Calcium BHB D-form,$0.0113
Calcium Carbonate,$0.0030
Calcium Citrate,$0.0090
Calcium D-Glucarate,$0.1437
Calcium HMB Monohydrate,$0.0275
Calcium stearate,$0.0049
Carnosyn Powder,$0.0240
Carrot Powder,$0.0093
Cat's claw powder,$0.0120
Cayenne Pepper Ext,$0.0340
Cayenne Pepper Powder,$0.0177
CDP Choline (Citicoline Sodium),$0.1861
Centennial 75 Coconut CL2,$0.0119
Cetyl Myristoleate 20% Powder,$0.1080
Chamomile Flower Powder,$0.0349
Chasteberry Powder,$0.0380
Cherry Juice powder,$0.0144
Chicken Meat Powder 3106,$0.0058
Chlorella (algae) Powder,$0.0145
Chlorella powder organic,$0.0227
Chlorophyll (as sodium copper chlorophyllin),$0.2700
Chlorophytum borivilianum 10% (Safed Musli),$0.0282
Chlorophytum Borivilianum Ext 5%,$0.0750
Cho Cho Bean Protein 50% Ecuadorian,$0.0125
Choline Bitartrate,$0.0065
Chondroitin Sulfate USP 90% (O.D.B) By CPC And 72% (As Is) By E-HPLC,$0.0422
Chromium Nicotinate Glycinate Chelate,$0.0500
Chromium polynicotinate,$0.0640
Cilantro Leaf Powder,$0.0190
Cinnamon 2.5% VO,$0.0077
Cissus Quadrangularis Ext 4:1,$0.0148
CISSUS QUADRANGULARIS EXT15%,$0.0482
Cissus Quadrangularis standardized for 10% Ketosterones,$0.0340
Citric acid,$0.0055
Citrus Aurantium,$0.0710
Citrus Aurantium 10% Synephrine,$0.0230
Citrus Aurantium 30%,$0.0117
Citrus Bioflavonoids,$0.0174
Clear Whey Protein Isolate,$0.0180
Cluster Dextrin,$0.0135
Cocoa Ext 20% Theobromine,$0.0374
Cocoabuterol,$0.3500
CocOganic Plus™,$0.0379
Coconut Creamer Jerzee 50,$0.0070
Coconut milk powder,$0.0103
Coconut oil dry 70GA,$0.0054
Coconut water powder,$0.0144
Coenzyme Q10 20% CWS,$0.1480
Cognizin,$0.4300
Collagen Geltech,$0.0120
Collagen Instantized,$0.0125
Colombian Freeze Dried Coffee Granules,$0.0214
Colostrum Bovine 30%,$0.0484
Columbian Organic Spray Dried Coffee,$0.0231
Conjugated Linoleic Acid 60% (CLA TG),$0.0287
Copper Bisglycinate (~29% Cu),$0.4866
Copper Chelate,$0.1579
Copper Gluconate Powder,$0.1324
Copper Oxide (Cupric Oxide),$0.0680
CoQ10,$0.2418
CoQ10 10%,$0.2450
Cordyceps 7%,$0.0170
Corn Starch,$0.0016
Cranberry Fruit Ext,$0.0100
Creatine Alpha-ketoglutarate 2:1,$0.0170
Creatine MagnaPower,$0.0200
Creatine monohydrate 80 mesh,$0.6168
Creatinol O-Phosphate,$0.1078
Cyclic Dextrin,$0.0139
Dandelion Leaf Powder,$0.0107
D-Aspartic Acid,$0.0130
Defatted beef liver powder,$0.0226
Deglycyrrhizinated Licorice ≤3% Glycyrrhizin,$0.0118
Dextrose Monohydrate,$0.0027
DHEA (Dehydroepiandrosterone),$0.1900
Di Caffeine malate,$0.0380
Di Magnesium Malate powder 20%,$0.0149
Di Potassium Phosphate,$0.0155
DigeSEB Super,$0.1047
Digestive Enzyme Complex Powder (Digezyme),$0.2463
DIM (3,3-Diindolylmethane),$0.0390
Disodium EDTA,$0.0380
DL-Malic acid,$0.0048
DL-Methionine,$0.0119
DL-Phenylalanine,$0.0079
DMAE Bitartrate,$0.0082
Dynamine (Methyliberine) 40% Tasteless,$0.2750
Echinacea 4% polyphenols,$0.0100
Elderberry Fruit Ext 10:1 Organic,$0.0135
elevATP,$0.2501
Erythritol Powder,$0.0049
Evodiamine 98%,$0.3555
Fenugreek Ext,$0.0166
Fenugreek Ext 50% Saponins,$0.0190
Fibersol,$0.0073
Fine Pink Himalayan Salt,$0.0050
Fucoxanthin Ext 18%,$0.0330
Garcinia Cambogia P.E. 60% HCA,$0.0135
Gerkens Cacao 10-12,$0.0088
Ginkgo Biloba Ext 10:1,$0.0000
Ginkgo Leaf Powder,$0.0090
GLUCOMANNAN 80% (AMORPHOPHALLUS KONJAC),$0.0482
Glucosamine HCl,$0.0095
Glucosamine Sulfate,$0.0075
Glycerol Monostearate (GMS),$0.0050
GlycerPump,$0.0180
goFAT® Coconut Oil Powder 73-77% Fat,$0.0102
Golden Seal Root,$0.1280
GPLC (Glycine Propionyl L-Carnitine HCL),$0.0682
Graham Cracker Crumbs,$0.0052
Grape Seed Ext 95% (Proan.),$0.0374
Grapefruit Seed Ext 4:1,$0.0466
Grass Fed Grass Finished Beef Bone Marrow Powder,$0.0550
Grass Fed Grass Finished Beef Colostrum Powder,$0.0750
Grass Fed Grass Finished Beef Liver Powder,$0.0300
Green Balance Alkalizing Blend Organic,$0.0247
Green Coffee 50% CA,$0.0370
Green Coffee Bean Ext 4:1,$0.0245
Green Lentil Bean Powder,$0.0101
Green Pea Powder,$0.0180
Green Tea,$0.0260
Green Tea 98% Polyphenols 50% EGCG,$0.0325
Green Tea Ext 98% EGCG,$0.1950
Green Tea Leaf Ext 4.1,$0.0215
Guar Gum,$0.0049
Guarana Seed 22% Caffeine,$0.0210
Hawthorne Berry Ext 4:1,$0.0066
Hawthorne Berry Powder,$0.0342
HICA,$0.0550
Himalayan pink salt,$0.0059
Honey powder,$0.0058
Horsetail powder,$0.0108
Horsetail Silica 7% UV,$0.0680
Huperzine A 1%,$0.4708
Huperzine A 1% - Synthetic,$0.4750
HydroMax EZ Flow Blend® (Glycerol Powder 50%),$0.0205
HydroPrime (Glycerol Powder) (Std.to min. 65% glycerol),$0.0168
Hymato F70 Powder,$0.4000
Indole 3 Carbinol,$0.1050
InnoSlim,$0.0836
Inositol,$0.0270
Inositol Hexaniacinate,$0.0516
Inositol Hexaphosphate (IP6),$0.0340
Inulin,$0.0069
Inulin 90% (Chicory Root),$0.0085
Iodized Salt,$0.2116
Iron Powder (Ferrous Fumarate),$0.0270
Julia Rose Micros bulk vitamin powder,$0.0644
Juniper Berry 10.1 Ext,$0.0258
Juniper Berry Ext 4:1,$0.0178
Kale powder Organic,$0.0085
Kaneka Q30,$0.6750
Kelp powder Organic,$0.0648
KSM-66 Ashwaganda VEGAN,$0.0760
KSM-66 Ashwaghanda,$0.0710
L-Selenomethionine,$0.0500
L-Alanine FERMENTED,$0.0210
L-Arginine,$0.0110
L-Arginine AKG,$0.0157
L-Arginine AKG 2.1,$0.0150
L-Arginine Base,$0.0115
L-Arginine HCL,$0.0108
L-Arginine L-Pyroglutamate,$0.0144
L-Aspartic acid,$0.0035
L-Carnitine Fumarate,$0.0380
L-Carnitine L-Tartrate,$0.0316
L-Citrulline,$0.0080
L-Citrulline Malate 1.1,$0.0132
L-Citrulline Malate 2.1,$0.0080
L-Cysteine HCL,$0.0195
Lemon Balm Powder,$0.0290
L-Glutamine Regular,$0.0105
L-Glutathione,$0.1744
L-Glycine,$0.0155
L-Histidine Base,$0.0649
L-Histidine Mono HCL,$0.0505
Licorice Root,$0.0150
Lion's Mane Mushroom Powder,$0.0252
Litesse standard,$0.0028
L-Leucine Instant,$0.0143
L-Lysine Mono HCL Granular,$0.0055
L-Methionine,$0.0115
L-Norvaline,$0.0697
L-Ornithine Mono HCL,$0.0181
L-Phenylalanine USP,$0.0093
L-Proline,$0.0170
L-Serine,$0.0349
L-Taurine,$0.0045
L-Theanine,$0.0230
L-Threonine,$0.0045
L-Tryptophan,$0.0218
L-Tyrosine,$0.0116
Lutein,$0.0798
L-Valine,$0.0192
Maca Powder,$0.0050
Magnesium Aspartate 20%,$0.0130
Magnesium Aspartate 30% COMPLEX,$0.0140
Magnesium BHB,$0.0190
Magnesium BHB D-form,$0.0183
Magnesium Citrate,$0.0078
Magnesium Citrate 14-16%,$0.0071
Magnesium Glycinate 13%-14% Mg,$0.0165
Magnesium Glycinate Glutamine Chelate,$0.0477
Magnesium Oxide 60%,$0.0060
Magnesium Phosphate,$0.0480
Magnesium Stearate,$0.0048
Magnesium Taurate 15%,$0.0300
Magnesium Taurate 8%,$0.0225
Maltodextrin,$0.0022
Manganese Gluconate,$0.0572
Maple Sugar,$0.0201
Maral root (Rhaponticum Carthamoides),$0.0533
Marshmellow Root Powder,$0.0176
Matcha Green Tea powder,$0.0230
Melatonin,$0.3431
Methylliberine (as Dynamine) (Pure),$0.6940
Milk Thistle 5:1 Ext,$0.0120
Milk Thistle 80% Silymarin,$0.0344
Milk Thistle Powder,$0.0080
Millet flour,$0.0041
MitoBurn,$0.1840
Molybdenum Glycinate,$0.0518
Monk Fruit 40% Mogrosides,$0.3150
Monocore Plus Monoguard Re-Package,$0.2262
Monopotassium Phosphate,$0.0109
MSM (Methylsulfonylmethane),$0.0056
Mucuna Pruriens,$0.0154
Mucuna Pruriens (L-Dopa 15%),$0.0224
Mucuna Pruriens L-Dopa 98%,$0.1670
N Methyltyramine HCL,$0.2376
N-Acetyl D-Glucosamine,$0.0285
N-Acetyl L-Cysteine,$0.0220
N-Acetyl L-Tyrosine,$0.0253
N-Acetyl-L-Carnitine HCI,$0.0253
Naringin,$0.0958
Nattokinase,$0.6000
Natural Caffeine 98% from Green Tea,$0.0464
Natural Caffeine Anhydrous from Arabica Bean,$0.0450
Natural Masking,$0.0462
Natural Resolver FAOP804,$0.0313
Niacinamide/Nicotinamide B3,$0.0133
Nitrosigine,$0.2620
Nu-Flow,$0.0160
Nutmeg Powder,$0.0270
Nutritional Yeast Powder,$0.0073
OLIVE LEAF EXT 10:1,$0.0136
Omega-3 Fish Oil Powder,$0.0600
Oolong Tea EXT 50%,$0.0151
Opitac L-Glutathione,$0.3800
OptiMSM® microprill with 0.5% SiO2 #10520,$0.0176
Organic Agave Inulin,$0.0114
Organic Alfalfa (aerial) Powder,$0.0100
Organic Aloe Vera Powder (Leaf),$0.0166
Organic Amla (fruit) Powder,$0.0159
Organic Apple Fruit Powder,$0.0124
Organic Ashwagandha Powder,$0.0119
Organic Barley (leaf) Powder,$0.0095
Organic Beef Bone Broth Protein Powder (Prinova),$0.0529
Organic Beet Root Powder,$0.0319
Organic Beetroot Juice Powder,$0.0248
Organic Cacao Powder - Extra Rich,$0.0156
Organic Cane Sugar,$0.0025
Organic Cinnamon,$0.0030
Organic Coconut Sugar,$0.0055
Organic Dandelion Root Powder,$0.0143
Organic Freeze Dried Strawberry Powder,$0.0491
Organic Gelatinized Maca Root Powder,$0.0172
Organic Ginger Root Powder,$0.0078
Organic Ground Cinnamon Powder,$0.0248
Organic Inulin (from Jerusalem Artichoke),$0.0074
Organic Maitake Mushroom Powder,$0.0180
Organic Matcha Powder,$0.0140
Organic Mexican Coffee,$0.0146
Organic Moringa Powder,$0.0086
Organic Papaya Fruit Powder,$0.0203
Organic Peppermint Leaf Powder,$0.0718
ORGANIC POMEGRANATE,$0.0170
Organic Turmeric Powder,$0.0077
Organic Wheat grass powder,$0.0099
Panax Ginseng Root Powder (ORGANIC),$0.0171
PAPAIN,$0.0286
Papain 350 TU/mg,$0.1190
Papain 525 TU/mg,$0.0286
Papaya Powder,$0.0223
Paradoxine,$0.2998
Parsley Powder,$0.0230
Passion flower 10:1 Ext,$0.0220
Passion Flower 4:1,$0.0149
Passion Flower powder,$0.0220
Pea Protein 80%,$0.0067
Pea Starch,$0.0002
Peak ATP,$0.2901
Peak O2,$0.0388
Peanut flour 28% Fat Light Roast #522857,$0.0114
Pepsin Powder (Porcine),$0.0822
Phosphatidyl Serine 20%,$0.1916
Pineapple Powder (Spray Dried),$0.0195
Potassium Bitartrate,$0.0132
Potassium Chloride,$0.0071
Potassium Citrate 38.3%,$0.0069
Potassium Glycinate complex,$0.0190
Potassium Iodide,$0.4400
Powdered Chicken Broth,$0.0165
Pumpkin Seed Ext 4.1,$0.0124
Pumpkin Seed EXT 5:1,$0.0105
Pure Ocean Sea Salt,$0.0020
Pyridoxal-5-Phosphate,$0.0375
Pyridoxine HCL B6,$0.0229
Quercetin Dihydrate 95%,$0.0780
Quercetin Dihydrate 95% Granular,$0.0730
Raspberry Ketone,$0.0338
Red Algae Powder (Gracilaria Gracilis),$0.0230
Red Beet Juice Powder FAPI392,$0.0718
Red Beet Root Ext 1%,$0.0161
Red Beet Root Powder,$0.0063
Redmond Salt powder,$0.0097
Reishi Mushroom (fruit body) Powder,$0.0130
Rhodiola P.E. 1% Salidroside,$0.0153
Rhodiola P.E. 3% Salidroside HPLC,$0.0350
Rhodiola Rosea Ext 3% Salidrosides,$0.0540
Riboflavin 5 Sodium Phosphate,$0.1180
Rice Bran Powder,$0.0079
Rosehips Powder,$0.0342
Rosemary Ext 4:1,$0.0350
Rutin Powder,$0.0440
Sacha Inchi Protein,$0.0285
Saw Palmetto 10:1 Ext,$0.0120
Saw Palmetto Berry Powder,$0.0154
Saw Palmetto Powder,$0.0180
Saw Palmetto Powder Ext 5:1,$0.0145
Sea Salt,$0.0013
Selenium Glycinate 1%,$0.4101
Berry color,$0.0433
Natural Blue Powder,$0.1484
Shiitake Mushroom Powder,$0.0580
Sipernat 50,$0.0315
Hydrolyzed collagen,$0.0125
Slippery Elm Bark - Purified Herbal Powder,$0.0083
Sodium BHB,$0.0145
Sodium BHB D-form,$0.0072
Sodium chloride,$0.0025
Sodium Citrate,$0.0055
Sodium Hyaluronate,$0.1427
Sodium Phosphate (DSPA),$0.0300
Sodium R-ALA Alpha Lipoic Acid R Version,$0.3990
SolarSea® AC High Magnesium,$0.0328
Ground Jalapeno Powder,$0.0219
Onion Powder,$0.0103
Porcini Mushroom Powder,$0.0662
Roasted Garlic Powder,$0.0184
Taco Supreme Seasoning,$0.0119
White Cheddar Cheese Powder,$0.0218
Black Pepper Fine 60 Mesh,$0.0127
Spilanthes Acmelia Ext 4:1,$0.0320
Spilanthes Acmella,$0.2355
Spirulina Powder Organic,$0.0078
Sugar,$0.0011
Sunflower Lecithin,$0.0420
Swedish Flower Pollen,$0.4188
Synephrine HCL 98%,$0.1168
Tart Cherry Ext powder,$0.0416
Tart Cherry Powder,$0.0188
Tartaric Acid,$0.0129
Tauroursodeoxycholic Acid (TUDCA),$0.6250
TeaCrine Pure,$0.5870
TeaCrine TASTELESS 40%,$0.2110
TEST FG,$0.6000
Theacrine (generic),$0.2590
Theobromine 10%,$0.0233
Theobromine 99%,$0.0578
Thiamine HCL,$0.0525
TicaxanÂ® Xanthan Powder,$0.0264
Tribulus Terrestris 60% Saponin,$0.0099
Tribulus Terrestris Ext 45% Saponins,$0.0130
Trimagnesium Dicitrate 14-16%,$0.0065
Tripotassium Phosphate,$0.0240
TruServ Greens blend,$0.0323
TruServ Organic Fruit Blend (organic cranberry organic apple organic blueberry),$0.0548
TruServ Veggie Blend,$0.0288
Turkey Tail Mushroom Powder,$0.0455
Turmeric Ext 95% curcuminoids,$0.1478
Turmeric Powder,$0.0092
Uridine 5'-monophosphate,$0.1400
Uva Ursi 10:1,$0.0002
Uva Ursi Powder 15kg pack,$0.0561
Valerian root 0.8% powdered Ext,$0.2000
Vanadium Nicotinate Glycinate Chelate,$0.0891
VasoDrive-AP (Ameal Peptide),$0.4888
ViNitrox,$0.2090
Vitamin A Plamitate,$0.0615
Vitamin D3 (as cholecalciferol),$0.0494
Vitamin k1,$0.2588
Waxy Maize (Tate and Lyle Mira-Sperse),$0.0047
Whey Protein Concentrate 80%,$0.0095
Whey Protein Isolate 90%,$0.0210
WHITE BEET ROOT EXT 1%,$0.0155
White Peony Ext 10% Paeoniflorin,$0.0210
White Willow Bark P.E. 15%,$0.0237
Wild Yam Powder,$0.0143
Xanthinol Nicotinate,$0.1595
Xylitol Powder,$0.0120
Yellow Lentil Powder,$0.0110
Zinc Aspartate 20%,$0.0200
Zinc Bisglycinate Chelate,$0.0546
Zinc Citrate Powder,$0.0846
Zinc Gluconate Dihydrate,$0.0086
Zinc Glycinate 30%,$0.0400
Zinc Oxide 78%,$0.0090
Zinc picolinate 20%,$0.0320